{
  "eye": {
    "orientation": [
      -0.12424402683973312,
      -0.1517263799905777,
      0.001143219298683107,
      0.9805821180343628
    ],
    "magnitude": 0.5773502588272095,
    "position": [
      -417.6075439453125,
      341.508544921875,
      1291.8883056640625
    ]
  },
  "paths": [],
  "ortho": false,
  "radius": 700,
  "visualHints": 0
}